id,res
329,0.9999675989827684
2818,0.002382711834508946
473,0.08010519418035414
1493,0.0013793287681249987
315,0.978595763752981
2824,0.01218382223383228
301,0.9586398583090914
2830,0.01214799454087801
1487,0.9455357768386833
467,0.9796757359334421
2165,0.9998261940150011
10,0.14018620952571
2603,0.9941562488804762
2617,0.519735415895016
1478,0.9998962947524351
498,0.9783938405386372
2171,0.8941302599424095
1450,0.998632389808377
2159,0.9781624212290658
1336,0.38813795471043344
1322,0.997442673041715
38,0.1334696767809974
1444,0.9977149960958982
895,0.586718126048915
1875,0.9993396100059291
1861,0.9988316721006265
659,0.016755813342363934
881,0.9941384204898185
117,0.6700481118328169
1691,0.9870636782818659
1849,0.7890417359314885
671,0.9994423060253009
2398,0.03551573683626484
665,0.9808573220877566
1685,0.9985043358929726
103,0.8919539426791806
2401,0.9948995984264724
1108,0.9999644530643959
856,0.18829471481959462
2367,0.999708542179149
842,0.9680262230022111
2373,0.012515071391604848
2415,0.9999894100593375
1134,0.32410499972758083
1652,0.9999717896121594
1646,0.00048479627020795905
2429,0.9979284070270088
1120,0.9995590255860496
739,0.023211301659303307
1901,0.011817825316581288
1915,0.9143160782062152
1083,0.9902468427903564
705,0.9862271342525137
711,0.0004906452091225608
1929,0.9911430804923322
1097,0.3296464424788925
2575,0.9986953258414278
2213,0.03631749613826922
922,0.1979155161793839
2207,0.9555036151449782
936,0.9994556391682627
1068,0.9032862844249767
2561,0.1138833974354873
1040,0.999786953570647
2549,0.9998760488263011
1726,0.9984136167011428
1732,0.9520175037180911
1054,0.13485533748628226
249,0.987929835509618
507,0.9887477938465853
1281,0.2786851195852226
2788,0.0007760584937799254
1,0.9991191776524948
2950,0.9770692641576485
261,0.9670016901468304
2944,0.9999358651960086
275,0.9989538688049995
1295,0.9953956942066707
513,0.9998082557838508
2011,0.9496145522320922
1518,0.9773498967746775
2777,0.07917238975569443
2763,0.9997173148451045
2005,0.9979044396375819
1524,0.1294236868840513
1242,0.9973915707729469
1256,0.993616987370203
2039,0.9864311383687603
1530,0.055387161195982026
1257,0.9462852665095767
1531,0.9913704734621296
2038,0.8220129131782132
1525,0.0059161570511172155
1243,0.9993668007435181
2762,0.9975108832282457
2004,0.9897702860941907
1519,0.010984859122918779
2010,0.0344722803308949
2776,0.029089920674184068
1294,0.9997493882186574
274,0.9972811607387146
2945,0.9640462216914099
512,0.035960604843068525
506,0.9714287780619341
260,0.981120281792909
2951,0.9911103247548562
0,0.9554567742184151
2789,0.0074847112310607675
1280,0.9710179474694298
248,3.9136240880770835e-05
1733,0.02494503227797159
1055,0.943740734353209
2548,0.7569228644918369
1041,0.9994785769642945
1727,0.0002533523686744603
937,0.9982932002702739
2206,0.9618817827695919
2560,0.9502431829684795
1069,0.9787291526397761
2574,0.13651442686440823
923,0.7075911624251194
2212,0.9979871309679371
1928,0.9970871007177804
710,4.781358978104975e-07
1096,0.02117594176245554
1082,0.0015509621159397464
704,0.999725739004244
1914,0.9231991833238823
1900,0.08301541701966073
738,0.8853131521916774
1647,0.2549504073580894
1121,0.12108934237380051
2428,0.002460310572543151
1135,0.9988363934053807
1653,0.0302574164638597
2372,0.9987081522309967
843,0.04839362767743284
2414,0.9911164472768167
1109,0.0009843477092027178
2400,0.010625232579619262
2366,0.04024731159322129
857,0.9985185908747812
1684,0.9997276478317592
664,0.9956207504798973
102,0.7854782170628365
116,0.983410473412983
2399,0.8444114335264828
670,0.9664652961011978
1848,0.9999562746836077
1690,0.9525324434844713
880,0.9998382546949747
658,0.8772161626985453
1860,0.007697222976373086
1874,0.9999852992699584
894,0.9986192370537864
1323,0.9659298590147675
1445,0.9999301696464615
39,0.9993391782637643
2158,0.005495308726121052
1451,0.9232087059541154
1337,0.9764124690644482
2616,0.9867335002330316
2170,0.00015593002279812253
499,0.9996177751544909
1479,0.0008188862239474892
11,0.9995535719653905
2164,0.9880158321625249
2602,0.864867953679027
2831,0.9429158437574678
300,0.057002460624067455
466,0.9917266996524727
1486,0.9759925476263798
1492,0.9826683284014053
472,0.9998156860159731
2825,0.034915136168135553
314,0.9938974887532455
2819,0.968238656330304
328,0.9960201363433093
458,0.998192436520351
1484,0.9658382884986212
464,0.9998918795335694
302,0.967130078013818
2833,0.0009484566791223215
316,0.9988461269877199
2827,0.0006276757139016233
2199,0.9712798416215824
470,0.03324469729790838
1490,0.850647772447364
2172,0.9978563714790891
2614,0.0776883168380557
1309,0.9982214057306003
2600,0.9629445108053339
2166,0.9986464254636471
13,0.8861127501553062
1447,0.9998188859486105
1321,0.11765991687385968
2628,0.1749730161636637
1335,0.9994080963229877
1453,0.8956022789681988
1862,0.040926905615962246
882,0.9997933465855956
896,0.3506567657706511
1876,0.18594312124031212
128,0.9987433595094093
100,0.9998114172736392
666,0.17099348138948814
1686,0.4090835415227011
1692,0.15348157582571492
672,0.9774478675709031
114,0.9918244215801048
2416,0.005439702745710336
841,0.9981294843692595
2370,0.9995962032997857
699,0.9174675975269221
1679,0.9979698942204603
855,0.27991139718681596
2364,0.10644227759668448
2402,0.002004458857858738
1123,0.6344123863398271
1645,0.9992976667669897
869,0.16751671923125722
2358,0.16313732654994895
1889,0.9831035072387794
1651,0.9996382288691376
1137,0.800424224574696
1916,0.999379775868017
1902,0.9982772631733058
1094,0.3131369728491181
712,0.9997925365844541
706,0.00014662251764805198
2589,0.999285307200094
1080,0.9999901547087624
2562,0.9946328039161502
2204,0.9997458244313749
935,0.8591241371849204
1719,0.53226569132623
2210,0.05724770223670672
921,0.9901353729314051
2576,0.9868890606176034
1057,0.9998523332095532
1731,0.04581781386914711
2238,0.01314094063651855
909,0.995600696623997
1725,0.08981901255524166
1043,0.9973156689335487
538,0.027409585218180904
510,0.006356434231689431
2947,0.9998169664820635
276,0.9938245475884114
1296,0.9894851649606489
1282,0.9993969045092201
2,0.9998885995516646
2953,0.9996587997170824
262,0.004629809717805575
504,0.024537412174137824
2006,0.9331139791195066
289,0.998183205298625
2760,0.002894077420831533
1269,0.9813416889002472
2774,0.9826208716466482
2012,0.8495719382382925
1533,0.9355142708543583
1255,0.0015254970213638079
2748,0.9988276841268323
1241,0.9408051688848982
1527,0.9985644924633563
1240,0.8248800444168867
2749,0.9914803591479998
1526,0.005532253721724863
1532,9.668452738197023e-06
1254,0.022333520982818607
2775,0.9971651368056118
2013,0.7164375239217019
2007,0.00022336476433708406
1268,0.9848258637867225
2761,0.058956377764489545
288,0.9977125940623717
263,0.9997040964547381
2952,0.9770572031349068
3,0.9946249290811726
1283,0.9968105897437101
505,0.9931856250979543
511,0.0051083061980795015
1297,0.9986191733102663
277,0.9675267158257859
2946,0.9819071020666389
539,0.973845253461475
1724,0.9987640292047948
1042,0.04110494615929381
1056,0.9921623866303744
908,0.0012440512870471813
2239,0.9250819755583535
1730,0.0056141055538146654
920,0.9335307642947785
2211,0.0014366959652524671
1718,1.7056595968668405e-05
2577,0.0005579771822556863
2563,0.9766311961580139
934,0.09557682863179712
2205,0.9163163799583259
707,0.0015081487248498585
1081,0.9902684213575051
2588,0.9999565633187217
1095,0.9955384390511494
713,0.9939741031727545
1903,0.8461019293664525
1917,0.044813813166030406
1650,0.9972647279299114
1888,0.9976954234092201
2359,0.3138353741119055
868,0.9989920069176055
1136,0.9875682687689589
1122,0.09813122010269139
1644,0.747769545393472
2365,0.2455234854280389
854,0.9963662951823332
2403,0.2926231439351492
2417,0.0036905166362927676
1678,0.1161180725532313
698,0.9998814256871998
2371,0.9996974030570241
840,0.9607590584204477
673,0.9923958401755639
1693,0.9701162960326684
115,0.00121634708598455
101,0.2440404187551543
1687,0.9989759064342589
667,0.9609388995376822
1877,0.9995337112685665
897,0.9053289307095804
129,0.9978406745903768
883,0.518465358504839
1863,0.8564402664799016
1334,0.9989303236143412
1452,0.0006933402154213476
1446,7.314132995441954e-05
2629,0.01182100858695232
1320,0.9994152865082075
2601,0.5789281054953173
1308,0.999604427050504
12,0.9998223237542583
2167,0.995786678082481
2173,0.9940284439048502
2615,0.9999481275058042
2826,0.10147732883344415
317,0.9961755147406844
1491,0.9998716189125906
471,0.9166908191080292
2198,0.9941972893283717
465,0.735432391055231
1485,0.8724451891404676
2832,0.08826229764181497
303,0.9696808025333941
459,0.9861592725649977
2836,0.9995659142735974
307,0.9954876411510233
1481,0.0002601201069260608
2188,0.6850037989364843
461,0.995283700018839
475,0.9993233600510063
1495,0.0022845729374138266
2822,0.9819186149912893
313,0.9823449418327037
449,0.750963890119354
1324,0.9987280812503212
1442,0.0003972865969818429
1456,0.013720723809012824
2639,0.10794513749695034
1330,0.9894709537454357
2611,0.4457404749789723
1318,0.00028027814822682417
2177,0.02395373735128989
16,0.7275031614869906
2163,0.999694218245011
2605,0.028129720205118124
663,0.04335115322222015
1683,0.03453354808886512
105,0.9967795667662607
111,0.9922617659565247
1697,0.9557936024127983
677,0.5806378182998374
1867,0.03653723065558652
887,0.9609745976039437
139,0.9999022236007727
893,0.9985053196238963
1873,0.9994030601726074
1898,0.9997607110966108
1640,0.9962312238956935
2349,0.013808713037866877
878,0.8261420589953881
1126,0.9896373156513878
1132,0.9997098546809827
1654,0.906191239931301
2375,0.9979507311324515
844,0.04783967606619059
2413,0.9811987987849509
2407,0.999513411610477
1668,0.9998602825264256
2361,0.9997190975951398
850,0.9999800181430702
688,0.004964342034657565
717,0.7103061275201845
1091,0.995593593145483
2598,0.017885107581010442
1085,0.9028069700894996
703,0.9612398961692634
1913,0.9957429181310286
1907,0.20527300678887256
1734,0.9986964973995329
1052,0.6878236412823029
1046,0.996652704993609
918,0.9958652066516789
2229,0.9988273897741159
1720,0.9996098802341056
930,0.9979435392879553
2201,0.9989553282721373
1708,0.9142425034506212
2567,0.0035990765158867995
2573,0.9997161734692591
924,0.06536221542599177
2215,0.988131380589226
273,0.9924677288283418
2942,0.008771175401235301
1293,0.9594127172082938
515,0.7635959268698199
501,0.9999982854137064
1287,0.03751617576970688
7,0.9910165061153174
267,0.995783155655802
2956,0.029070244711987926
529,0.9937257529539583
1250,0.9971083117827018
2759,0.8580861365141752
1536,0.9995944040362519
1522,0.0025724847180777963
1244,0.9995455077982542
2765,0.9363983465389982
2003,0.9939304437836969
2017,0.9876413663424295
1278,0.9976849097596772
298,7.867128663796492e-05
2771,0.9910596971840734
2016,0.9978196165649887
2770,0.0008820017277439172
299,0.9974967855908374
1279,0.9817994135914244
2764,0.04513478834048265
2002,0.9979834683593853
1523,0.9961299698903803
1245,0.9665679136369624
2758,0.9973458867355074
1251,0.965521209281666
1537,0.04221993233446143
528,0.9889643392709676
500,0.9999845831226024
2957,0.0002595981394984198
266,0.9622490062983943
6,0.0022633015721100066
1286,0.8987224669861476
1292,0.9987709742314778
2943,0.9681398986436367
272,0.9995690078866097
514,0.9991982943269546
2572,0.9998719514669231
2214,0.9778142817886437
925,0.9877327672553573
1709,0.01767958098362394
2200,0.9972762547917133
931,0.009331280798691789
2566,0.034172907131659006
1047,0.9937395874803989
1721,0.9944369714642167
2228,0.9984959449376125
919,0.996763423598247
1735,0.9182902984386624
1053,0.9990622174515085
1906,0.9937456178728888
1912,0.7591237653320093
1084,0.9803295333323783
702,0.9911138004887056
716,0.0020207276165955007
2599,0.0007628841231129802
1090,0.990005122218714
2406,0.988575829868811
689,0.9975021961060684
851,0.32021916158403824
2360,0.9998451748603022
1669,0.13206318896531727
845,0.09122734624919063
2374,0.9984374319988124
2412,0.9996157320086816
1133,0.9924688229991062
1655,0.9931399299626726
879,0.9089539562978033
2348,0.0003354048339454108
1641,0.9971528936286174
1899,0.962463181275323
1127,0.9968142267973326
1872,0.9929594234986456
892,3.779278509874873e-05
886,0.5529193751277792
1866,0.9963109040706101
138,0.0010791159522556474
110,0.024742607189554865
676,0.9704948657755494
1696,0.9930603691570459
1682,0.009907958819225484
662,0.9957728367606886
104,0.9024402075514949
2162,0.05319056431776041
17,0.00783615262690597
2604,0.0008783298234213606
1319,0.9963913220642251
2610,0.8863188515882163
2176,0.9502735098766693
1457,0.999929398396804
1331,0.01082219252338292
2638,0.9999866112569726
1325,0.9998847656629062
1443,0.9520297684358869
448,0.7784030602735758
1494,0.9762166689865571
474,0.11102591176865964
312,0.6308365748804734
2823,0.13152104428203987
306,0.9842262646514726
2837,0.05711582334546968
460,0.00014641007176893704
2189,0.9983309019388692
1480,0.8502924509861547
2821,0.014666597336971624
310,0.9999793994976409
476,0.5206457269910486
1496,0.0047439623675567255
1482,0.060199943676276145
462,0.0010199633491038043
2835,0.8924091815750463
304,0.9999110608317568
2809,5.572749794282529e-05
338,0.12620516387677397
1333,0.9999389510877015
1455,0.10004217200447393
29,0.9845047741210969
2148,0.9881119223019311
1441,0.013715678607040408
1327,0.057968072201607136
2606,0.9999834426548778
489,0.5559880332165246
15,0.9998586775320067
2160,0.9957000522156496
1469,0.9973713210196535
2174,0.9965882944512352
2612,0.07130890282706306
1694,0.995532971355013
674,0.999953678407118
112,0.8812036555000573
106,0.995571366893012
660,0.4292186671058554
2389,0.9985870320323709
1680,0.31468228608071314
1858,0.9821755134108884
648,0.9795411168340122
890,0.9900465380894505
1870,0.9907588754507604
1864,0.34469724570655896
884,0.9922491294738801
1657,0.9896023204039514
1131,0.9985844196696494
2438,0.9993239710449326
1125,0.12171920104363362
1643,0.9997152770806664
2362,0.024166690193142593
853,0.9912075443982656
2404,0.996174285533937
1119,0.8409638725116692
2410,0.03473754017459203
2376,0.997665277704618
847,0.9980439494899407
1938,0.9998143492769161
700,0.7990239063471509
1086,0.9669852458612761
1092,0.9870965194957695
714,0.9999571146050175
1904,0.9992844648673032
1910,0.9754597277640087
728,0.9981714341081016
1723,0.9837379133168108
1045,0.9992987710708832
2558,0.9931465670470171
1051,0.9998323326325973
1737,0.023807336522138994
927,0.00022014956295962124
2216,0.9895006442025063
2570,0.9948229419937842
1079,0.8050250053517738
2564,0.9948104671348794
933,0.0017147367301748797
2202,0.8091537856691946
1284,0.9726631032266603
4,0.004740246833779776
264,0.004393763973310516
2955,0.9967392483086732
502,0.9999753578347015
516,0.9997242561418
2799,0.9997877398002688
270,0.9952476364057297
2941,0.994356421905955
1290,0.8642545315145999
258,0.9726342421918919
1247,0.16680625130388138
1521,0.02971530636664843
2028,0.997558472096801
1535,0.9997541711874941
1253,0.9957369203545448
2772,0.9999789320895147
2014,0.9977831713319008
1509,0.9973302140861096
2000,0.9988152190800266
2766,0.9984660691463084
2001,0.9963113558023864
1508,0.9986573885944677
2767,0.9990968012003952
2773,0.4586650026620453
2015,0.9942254106557336
1534,0.9886753047934788
1252,0.9992872194808312
1246,0.981496282728593
2029,0.018748169863876164
1520,0.005212835900827753
259,0.9967272246322196
517,0.004763692746815741
1291,0.9989593210844859
2940,0.003197889705472738
271,0.9941828386842104
2798,0.9997251452991616
2954,0.4508780780172195
265,0.0016636587832362854
5,0.9953352738026352
1285,0.9983892622430581
503,0.9900470669687739
2565,0.9711489323404721
2203,0.9722832082488632
932,0.016495847360825745
2217,0.0008284195841720681
926,0.08845637137333272
1078,0.9999327761472807
2571,0.9999887337358768
1050,0.024121471660698925
2559,0.9978560009844241
1736,0.9962864553431576
1722,0.9999812701847721
1044,0.00024067039715482296
729,0.05870347305102149
1911,0.9988909964352292
1905,0.9466415894376194
1093,0.003339553881493371
715,0.0010377623011183562
701,0.9999977231900908
1939,0.0017743162009068725
1087,0.00021159147254542463
2411,0.9985000136667244
1118,0.9973031967208469
846,0.9991474649268748
2377,0.044836359718601025
852,0.9953311064070247
2363,0.9189572451121457
2405,0.9998532791938729
1124,0.5454067204653066
1642,0.9981455742907794
1656,0.9969119790835819
2439,0.9998313408118257
1130,0.9675039651040045
885,0.9540072137479756
1865,0.001189205045832303
1871,0.9999959677909992
891,0.9699800992154236
649,0.9999479248065166
107,0.2581285588612192
1859,0.981565691549185
1681,0.6360038358816358
2388,0.9751734090636616
661,0.6616641255450736
675,0.9999458209119105
1695,0.9462796897730023
113,0.0021319402616166447
2175,0.5014138177937076
2613,0.9898814869225531
2607,0.01648988138515774
1468,0.15730568840252165
2161,0.9875908720591481
14,0.001953851811681234
488,0.9919689318500694
1440,0.9625564630515239
2149,0.9993399476340095
1326,0.24979204545848002
1332,0.9974670475319455
28,0.00031887629731263523
1454,0.9814819180634974
339,0.9869736172267631
2808,0.993330491731719
463,0.9882366942424298
1483,0.8862109873978493
305,0.5778999166839794
2834,0.9680577083517121
311,0.01807334098229125
2820,0.9995512357732986
1497,0.13511281664340385
477,0.9987201291375285
438,0.16827749768729824
376,0.9875645940053476
2847,0.1455358987792113
1396,0.0011031696944600474
410,0.0010647308478237496
98,0.9981267089003666
404,0.9713738641571759
1382,0.999879174305869
362,0.9987023684731084
2853,0.9571536298978749
2660,0.9229553639806156
389,0.001868108331589144
1369,0.9995352447755266
2106,0.9998090269514621
73,0.9953761170951747
2112,0.8707995605368117
67,0.9976311816565954
2674,0.08252278434107632
1355,0.0037402448379844724
2884,0.01982972810748407
1433,0.009147326931161881
1427,0.9949216053153265
2648,0.9618874258484462
2890,0.995780517443079
1341,0.020256006789194557
1816,0.3885784419548025
148,0.9997523363021747
1802,0.9971650213010023
612,0.02182502025958066
1194,0.9999112453098903
174,0.006199902048711939
2489,0.6680232633960287
160,0.9468292363943173
1180,0.9996734521253217
606,0.9942715223941525
835,0.987041573650093
2304,0.9805978112745024
2462,0.6024727516206345
2476,3.207542375843742e-05
1619,0.3290091085818024
821,0.971935337792847
2310,0.06879342901547549
1631,0.08934268026834546
809,0.9998740809048089
2338,0.9894688275274623
1157,0.38779749082156467
1143,0.9997312832400574
1625,0.0034797803327759947
1962,0.9992978255613636
982,0.0006747623362423145
996,0.9616435175255449
1976,0.9032841788507795
766,0.00023665116266515925
1786,0.9976251921934203
1792,0.934415602897616
772,0.15222480136833405
799,0.9989488839852794
2270,0.9664634557260682
941,0.9996669854970772
1779,0.9947142164459823
2516,0.9982417432226349
2502,0.018746907790712884
2264,0.10175991324113176
955,0.0474009155886685
1745,0.011696096708458639
1023,0.9746024206340766
1037,0.9864467810075814
2258,0.899104281642163
969,0.9949973791410684
1751,0.9732037541600891
1989,0.9870787283364342
558,0.9501038741265312
2933,0.9531131013327032
202,0.996982827931402
1584,0.9999985290293603
564,0.9995427454068613
570,0.12207736267698051
2099,0.9932304519038728
1590,0.9911840210590617
2927,0.9997315838359203
216,0.9972784659101483
2714,0.015195104770274092
2072,0.9975050025337356
2066,0.9997230873694644
1209,0.9998189269245639
2700,0.9997844276507042
1221,0.9949101024548963
2728,0.9795923757157248
1547,0.999718801994533
1553,0.9992861509780011
1235,0.9648070265514145
1552,0.0022316443407283905
1234,0.9997135724788613
2729,0.015948622013235197
1220,0.0027717481464924584
1546,0.01596520717081374
2067,0.06153240676328081
2701,0.999583037895535
1208,0.9554688088693293
2715,0.9991672248936322
2073,0.004609852194441677
1591,0.0020913279069834406
2098,0.0718660642329901
571,0.8998027787793232
217,0.9969117745543705
2926,0.9794116415336311
203,0.9998565977848622
2932,0.8843650607332952
565,0.46296240905193303
1585,0.9992985006500309
559,0.9762557369937953
1036,0.010995145252216811
1988,0.0015354408976698173
1750,0.001311137582051592
968,0.6097938151391895
2259,0.9829619159656253
1744,0.03167078684845963
1022,0.9954765929500855
2503,0.9982443521065584
954,5.767028071224003e-05
2265,0.9995932707657662
1778,0.9986094985114768
940,0.9998010130396425
2271,0.09200239316519035
798,0.0021679076377042
2517,0.017547517933339498
773,0.0011641259067676814
1793,0.18230982939563067
1787,0.9889087782458159
767,0.7324408991323945
1977,0.012643628369197158
997,0.06237472459947864
983,0.9156179623220243
1963,0.7065830170254597
1142,0.9997783357934802
1624,0.9982324410964244
2339,0.9485387853752755
808,0.8754982418983893
1630,0.9699777487731515
1156,0.999953595642703
2477,0.6695748362491104
2311,0.9842748490877655
820,0.003088793490564085
1618,0.9987800974130984
2305,0.8887081058754825
834,0.000565552250050786
2463,0.9907385764467886
1181,0.8271578987004367
161,0.9873542269417357
2488,0.9848800159986935
607,0.9962908535340109
613,0.0004853115400741229
175,0.9978967118932873
1195,0.9785554502477725
1803,0.997727642562564
1817,0.0034755112426016936
149,0.9991498071699537
1426,0.6628320924207023
1340,0.9627043687318795
2891,0.9931500555521392
2649,0.9997232470972477
2885,0.9986360857346464
1354,0.9990337056370897
1432,0.9944636672318822
66,0.563975060755784
2113,0.3166990197957381
2675,1.2682405339327907e-05
1368,0.0004634686500787027
388,0.09065105425377157
2661,0.9271282047439582
72,0.992289844528735
2107,0.9982841343918413
405,0.002970675612996244
99,0.004019745069970536
2852,0.9786224732611044
363,0.12430396008549657
1383,0.9996486451620772
1397,0.985002368994271
2846,0.9992654377300898
377,0.9966964319014343
411,0.9997061838633108
439,0.988597208065281
349,0.028012999229222707
2878,0.9997533249959846
1381,0.81685329529308
361,0.4899340961681862
2850,0.9158697232908952
2688,0.9858675695070414
407,1.9075447123402352e-05
413,0.011099472264709014
375,0.9826499592712578
2844,0.992299067968542
1395,0.9969760387577947
2677,0.04703867091834238
2111,0.9171383296662994
64,0.9986382869024174
1418,0.0017557291870519682
2105,0.998951960426326
70,0.006664196909672543
2663,0.9994304988502002
2893,0.9967072595791869
1342,0.7582613624271355
1424,0.9963953058061306
58,0.9984789669949095
2139,0.0038248554719244625
1430,2.4625103202751065e-05
1356,0.014918033427473628
2887,0.9624404876008986
639,0.945702000091621
1801,0.9998625620502392
1815,0.9872715083545897
605,0.00020627303231706093
163,0.9957681164758299
1183,0.956659710802143
1197,0.0011358268903562223
177,0.0014850397005618451
611,0.04305895800118349
1829,0.0028713893125407912
822,0.9305657553368725
2313,0.9906559057283948
2475,0.8099566843299447
1168,0.96968629666565
188,0.9392393453676167
2461,0.889626983068004
836,0.9989124907655075
2307,0.9688213119364801
1626,0.9982995075134271
1140,0.013341206728242145
2449,0.6706713744501467
1154,0.999947244700514
1632,0.9905919182552747
995,0.9974286266799088
1975,0.001483865260970192
1961,0.9309333903878743
981,0.025652127693685866
759,0.9936756810933991
1949,0.9807529478672798
1791,0.6192785787382786
2298,0.9771658856672744
771,0.995811043519776
765,0.04566157868791174
1785,0.520912711706397
2267,0.9989663687776418
956,0.9267536227348925
2501,0.4471320594544572
1008,0.0022654990729607145
2515,0.048253925311549276
2273,0.9983280189486914
942,0.9285390079473945
1752,0.004277320552876084
1034,0.064594118536672
2529,0.9977999534840913
1020,0.9989889004760697
1746,0.9964011183699577
2918,0.9928207422160218
229,0.9995115763860969
2924,0.9998076473370379
215,0.8408364310200149
573,0.036869923534575036
1593,0.9994206392977816
1587,0.047425677138792095
567,0.9952985940143554
2930,0.9709838747148114
201,0.993562787816374
2703,0.008236557135487496
2065,0.0011371747578909255
1578,0.000507732428692052
2071,0.9986773977372847
598,0.9730194883079228
2717,0.9913535766548115
1236,0.15768106001109924
1550,0.999873457696704
2059,0.7207335525656128
1544,0.9997445342819589
1222,0.899064060196954
1545,0.9831359242029605
1223,0.5874878155160916
1237,0.9888076899131528
2058,0.9860702821524813
1551,0.999488677289275
599,0.05345464200117352
2070,0.998383073392499
1579,2.8677923520861628e-05
2716,0.9974777998249152
2702,0.9502814736521474
2064,0.008694653703436975
566,0.8086133832251369
1586,0.984830793357389
200,0.5606796846888997
2931,0.006512685769153574
214,0.9866293993124116
2925,0.49523320813174276
1592,0.9999737104932709
572,0.9995339146919123
228,0.9933433649000752
2919,0.981185564781177
1021,0.05817636571628602
2528,0.47028589737265836
1747,0.9314726984204171
1753,0.9949588971834749
1035,0.9897731044904173
2514,0.9943921446986552
943,0.963377299753781
2272,0.9932795667897636
957,0.10838735234088966
2266,0.9987459396306514
1009,0.9816297565209027
2500,0.9999804842498401
1784,0.995826253879512
764,0.9983033646030017
770,0.0010169970704159033
2299,0.9988439546882111
1790,0.9999436920697654
1948,0.4599305828018133
758,0.9929101841220668
980,0.9998527874216482
1960,0.8474086651683971
1974,0.8663142362281088
994,0.991692572368599
1155,0.9955942061508114
1633,0.46758354036932054
1627,0.9864132542046022
2448,0.9968331487028603
1141,0.9513457609268766
2460,0.11183063466746221
189,0.994500695937815
1169,0.12268375641875391
2306,0.10813424252827741
837,5.013440126146999e-05
2312,0.9992773772005382
823,8.85833454540047e-05
2474,0.02526396416364506
176,0.019831338216131745
1196,0.0007594213449958228
1828,0.996704271968321
610,0.0013205482575184239
604,0.9996405933108697
1182,0.05299366353989188
162,0.9999998973021864
1814,0.9986900517008722
1800,0.00013512381052931572
638,0.9983496471723635
1431,0.9211863618800791
2138,0.9965275977731818
2886,0.9966353348487251
1357,0.0424155704414834
1343,0.9986561304782352
2892,0.999277309231962
59,0.9987319996126551
1425,0.9837472062951715
71,0.09617298779084567
2104,0.7106875980785029
2662,0.6694549449771238
2676,0.9993887158641132
1419,0.9720296113768525
65,0.15230983318673544
2110,0.9985512683231338
412,0.002238590154065271
1394,0.9994958769657163
2845,0.9998824441924159
374,0.9997622521801791
2689,0.9996187561981916
2851,0.9990698475044496
360,0.9893542118421618
1380,0.999904555282399
406,0.9999104484103498
2879,0.12427738804256258
348,0.5123723211066527
402,0.9989682742841467
1384,0.06520535156010936
2855,0.6674699923695877
364,0.04554527659905601
2841,0.004424314759973222
370,0.913210495311432
2699,0.9860346230225309
1390,0.995723340122509
416,0.9965636151488418
2869,0.9998303867187694
358,1.6281521518258065e-05
1421,0.9999256528894589
2128,0.8704579994296215
2896,0.03253464599846605
1347,0.9996105224026671
1353,0.9954630669570701
2882,0.41836214040161346
49,0.997350164461835
1435,0.004765136832335525
61,0.9984001019049045
2114,0.9965637429404877
2672,0.9654815350605215
2666,0.03939994033350784
1409,0.9920420193098861
75,0.9977369618971164
2100,0.007274797661557348
166,0.31632802294738677
1186,0.9955011431763037
1838,0.6820158032017798
600,0.000628182875499242
614,0.12803888732259988
1192,0.8716667296791603
172,0.9997770995104374
1804,0.9996307110941915
1810,0.2020449765075189
628,0.02285275803790716
1145,0.9942960915217611
1623,0.9726672475948683
1637,0.6286341832748198
2458,0.8948545442975059
1151,0.3528630078826668
199,0.9488770047036047
2470,0.9982832686367633
1179,0.08225976443076538
2316,0.9998523675138571
827,0.2516006573024711
2302,0.005540001926902012
833,0.9929300547570385
2464,0.946051268495277
1794,0.9998386236910504
774,0.028000636890488474
2289,0.9319384969798472
760,0.993183147600952
1958,0.7783414394464983
1780,0.9997658296103333
990,0.9982474999402532
748,0.1981842083668496
1970,0.9914137771211552
1964,0.983444334403746
984,0.8881598174810461
1031,0.998440906057936
2538,0.1670787381662467
1757,0.0011201959852150186
1743,0.004198101583510689
1025,0.9764528885852274
2504,8.655221093374377e-05
953,0.006895139759540063
2262,0.9975628347912121
947,0.027852241347710645
2276,0.015948219967106558
1019,0.9319813840135127
2510,0.7553753850000497
576,0.9680261467262472
1596,0.19947999350964404
210,0.9821593454315775
2921,0.9754617884442176
204,0.949344877231038
2935,0.9988566520462274
1582,0.5369507051203559
562,0.40674709343911203
238,0.9928006945997001
2909,0.9941342158220678
1555,0.9941964282940916
1233,0.9930063462329572
1227,0.0004600728736852388
2048,0.9975712388173399
1541,0.3967242079799057
2060,0.004575165254771401
589,0.7894373138696995
1569,0.0017820837787720877
2706,0.003206813212002873
2712,0.02595578519758014
2074,0.8034622848453221
2713,0.4777920563369481
2075,0.005369757384309419
1568,0.0056475278704351374
588,0.9930922696165825
2061,0.9296048080642592
2707,0.1238474057294963
1226,0.0015636277829748277
1540,0.9040690423813235
2049,0.004048838911621943
1554,0.013372183479893282
1232,0.9985042309078731
2908,0.9928085690868655
239,0.9996475825973699
2934,0.9488596967439509
205,0.19105565369085353
563,0.9463430720821945
1583,0.35457639642498096
1597,0.9999911508162876
577,0.9694370155861755
2920,0.9982839182602679
211,0.8962253606064984
2277,0.9981228787645463
946,0.9997950576588182
2511,0.08679234071560823
1018,0.44712037006276495
2505,0.00020449794521466366
2263,0.9972953238985515
952,0.9944515076105958
1742,0.996014427981048
1024,0.2517992620458369
2539,0.9604692604332483
1030,0.9963476686205546
1756,0.9990808675855856
985,0.9981163860436159
1965,0.005544932128374666
1971,0.9989302172119843
749,0.9445970136751194
991,0.9936999701992386
1781,0.9836810503304095
1959,0.995757117693991
761,0.20635896865576459
2288,0.9991180933957182
775,0.9997479140913914
1795,0.9994548141610059
832,0.0004424287436268115
2303,0.9963232042703873
2465,0.9994592715833521
1178,0.9914220843997272
2471,0.06913272114956573
198,0.9964666444240754
826,0.9971110111880929
2317,0.9974981418386385
1636,0.0001191140831527213
1150,0.8620886835392035
2459,0.9917640397794665
1144,0.9996448616766745
1622,0.0070489188858328805
629,0.07899937088973444
1811,0.9999792532199958
1805,0.9947953821291204
615,0.9917919872522326
173,0.023009345212686477
1193,0.9986865936933184
1187,0.9889346702087854
167,0.9993920434105892
601,0.029768242178184183
1839,0.8857999480648555
2667,0.9220989372990204
2101,0.9995338692687028
74,0.9750272200094556
1408,0.9966600433162078
2115,0.013361689574698753
60,0.3589130355219696
2673,0.999563616986807
2883,0.9996052983225988
1352,0.9979398322968827
1434,0.9920511576475631
48,0.9996365107435288
2129,0.06869963087593071
1420,0.00600002536056729
1346,0.000486741335802174
2897,0.0022032739649577005
359,0.9982249448852244
2868,0.9997813055013571
1391,1.0149557650293171e-05
2698,0.28117171961340476
371,0.9893295381475588
2840,0.9949581571291362
417,0.9997790722738845
403,0.7553387002698491
365,0.9981896432240459
2854,0.00013003138368915143
1385,0.2964231685218281
89,0.07440231307265463
415,0.1306778451829254
2842,0.02295543147103697
373,0.0010870795153293442
1393,0.00949375227475595
1387,0.9413232106892556
2856,0.9242819810823854
367,0.0014704279776894575
401,0.99959269693606
429,0.9739482968113012
1436,0.29285118055278325
1350,0.0006485394808056511
2659,0.9989302870644353
2881,0.9956154015169363
2895,0.0039517450423754204
1344,0.9993362829682375
1422,0.9955760431921572
76,0.9819943635342773
2103,0.012210614091596017
2665,0.9833987474761425
1378,0.9874288801414114
2671,0.9785207228762781
398,0.007350887959260912
62,0.9995061680107191
2117,0.8870532691999266
1191,0.9998077477306566
2498,0.9987957048861187
171,0.3196675546025631
617,0.9964378047189791
603,0.9978970694786347
165,0.9966198837812804
1185,0.9846662056670917
1813,0.9854935690154433
1807,0.25161746844354227
159,0.9997043201359821
1152,0.688592211985724
1634,0.017497320711375976
2329,0.9459392810478006
818,0.8168391945869823
1620,0.741320834474821
1146,0.119564561226256
2467,0.9497873971200356
2301,0.9742599237959508
830,0.9967806285673844
1608,0.999955962222184
2315,0.9964416964143432
824,0.9988236980755761
2473,0.9998866081259461
763,0.9850720393521263
1783,0.9926176910860829
1797,0.8857652486021032
777,0.31793976837753596
1967,0.9885224485421744
987,0.00012365636137797966
993,0.003414073225000238
1973,0.9808163439132457
1026,0.0029813486234722634
1740,0.9998634063385344
1998,0.00033078589298421175
978,0.000956259339850332
2249,0.004346023716801289
1754,0.9958897524325891
1032,0.9974977543470986
2513,0.9832808843211588
944,0.9167806488086025
2275,0.002163311726228837
1768,0.9972554986374782
788,0.357597278044138
950,0.9988676909625097
2261,0.9999902650863234
2507,0.31019473866108893
1581,0.01290777889391601
561,0.9942378727523928
2088,0.5194069086348168
207,0.9980395797236383
2936,0.0027378023461790764
213,0.998106902975173
2922,0.001709221306522771
575,0.9992771958404763
1595,0.9962870218334181
549,0.9990263845124632
1542,0.9995557358449917
1224,0.998958061443014
2739,0.02441394546307356
1230,0.8152214490287777
1556,5.13177671339137e-05
2077,0.45990230734049786
2711,0.998797166915711
1218,0.005935166577500322
2705,0.0015977365242557657
2063,0.9999967619392933
2704,0.9673020993271344
2062,0.027101146076653038
2076,0.3499217275839752
1219,0.006892102047386514
2710,0.9708241514329183
1231,0.004953970836502684
2738,0.9995499216679139
1557,0.999717698998932
1543,0.9917241968133299
1225,0.9995386144541161
548,0.000646970535524647
2923,0.43272263803482025
212,0.9983057395886961
1594,0.03593174877425105
574,0.9925776821400074
2089,0.024772307172844024
560,0.21671590451118483
1580,0.9907390068655081
2937,0.00024264637421345987
206,0.3406532580382132
2260,0.9985445856257853
951,0.9936920181730795
789,0.08066244759647763
1769,0.9927985066717614
2506,0.8861228609373315
2512,0.9940291872058543
2274,0.996809420304897
945,3.084608456090111e-05
1755,0.2355675682713962
1033,0.9870188884704925
1027,0.9994310465710916
2248,0.9947777418545348
979,0.9975949497115545
1999,0.9610761277601224
1741,0.8067025451748672
1972,0.9445300144688868
992,0.9964372245796158
986,0.962094912363227
1966,0.00865890040320204
776,0.02300003794702718
1796,0.0003313802071435052
1782,0.9954382411624323
762,0.9517191452504307
825,0.9945277480537562
2314,0.9851110446491921
2472,0.9999258340509597
2466,0.17194168495139825
1609,0.9999462511755695
831,0.7854273722135765
2300,0.999863730324211
1621,0.9886419928174132
819,0.9805118117033172
2328,0.9749792730651949
1147,0.9482487073355305
1153,0.9957010738829078
1635,0.9997799817074572
1806,0.07407333297271446
158,0.2931757664777111
1812,0.9842335974656198
602,0.9935379663300491
1184,0.18310552763342555
164,0.5684253441132284
170,0.9801349109968374
2499,0.17270741383779215
1190,0.9983126556177477
616,0.9990068337637046
399,0.9985003699269033
2670,0.9993921105891864
1379,0.9891201837550309
2116,0.9829841248012989
63,0.9989706128154966
2102,0.9999674409894359
77,0.9999740191951109
2664,0.011458416778635372
1345,0.0003105592421300544
2894,0.00546093026831221
1423,0.018358405499469915
1437,0.006690401782756247
2880,0.000975254991771245
2658,0.17748409385914243
1351,0.7532667548124501
428,0.9987207288498183
366,0.999043608972746
2857,0.9980822829604035
1386,0.9817235476099487
400,0.0035074269769392414
414,0.08258778830140717
88,0.9964143136834951
1392,0.9922321416620914
372,0.9872777909177766
2843,0.4935970128810162
2682,0.9945422916810533
91,0.9991203755046438
85,0.9996025474732889
419,0.010348488604653332
2696,0.9997819160926212
357,0.999066759971471
2866,0.02686446411902906
431,0.5128888423548316
425,0.9938208362340365
343,0.21613072978952785
2872,0.9440880162676782
1348,0.9995999577744454
2641,0.8533397375713635
2899,0.9999794438435631
2127,0.02181138868557455
52,0.001441395645552257
2133,0.951258246393434
46,0.9965693262311589
2655,0.048122905951371774
394,0.9938551194781649
1374,0.9995950871244164
1412,0.9791968402222313
1406,0.8830225726309383
1360,0.6430769765923683
2669,0.004723089703366047
380,0.0002296217436586292
1837,0.08904553411406532
1189,0.0085462006000102
2480,0.9852291351959261
169,0.9999726677497899
2494,0.024879409675175688
1823,0.07036240875940934
633,0.9980665159741502
155,0.993577606303195
141,0.932401356249877
627,0.9913969543378531
814,0.9989865944206835
2325,0.8488265387978629
2443,0.003719008809931023
2457,0.8787458483011227
800,0.2306482913152042
2331,0.9989328859309928
1638,0.5554563757526945
828,0.8606129625308385
2319,0.2844419832728656
1610,0.9981374160203315
1176,0.9993407854727894
196,0.9719841069445645
182,0.9966025194460133
1162,0.04104776064024558
1604,0.0014679563270429403
2292,0.9998985952189609
1943,0.9985761748031685
1957,0.9413093775961775
2286,0.9999032922894899
747,0.9940378931776037
753,0.9982002577649915
1758,0.1871156468439103
1980,0.09809371722461999
2251,0.937685434996711
960,0.9985109506036125
2537,0.9962258615390439
2523,0.9994396332346571
2245,0.021092938582177704
974,0.9956967796044228
1994,0.9996865381481881
784,0.9988230071545301
1764,0.996023671720088
1002,0.9921033646631937
1016,0.9957626521220518
1770,0.0036466440162610117
790,0.029931721133358968
2279,0.9956052199476076
948,0.1307974337382714
1599,0.9995248967634247
579,0.02913135310075544
2090,0.9914961462224288
2084,0.9794927393757492
2912,0.9996933897201483
223,0.005816292734576711
545,0.9990899402130655
551,0.9617553489417942
2906,0.003980364955946286
237,0.0001313427290786063
2735,0.24720920440458052
2053,0.9993175368635953
2047,0.995441455645272
2721,0.9218483543368775
1228,0.9998625991569515
2709,0.9866852842890654
1200,0.008039034744347142
1566,0.9685772575727534
586,0.9976785279197244
592,0.007293567663613815
1572,0.004045986475014594
1214,0.9977869084110459
1573,0.8348037834625881
593,0.3766849798337549
1215,0.004746418411469807
1201,0.19397391472103104
2708,0.9964818676276689
587,0.06118312310173983
1567,0.7838786725503959
2046,0.011841447981451916
1229,0.002148179702221192
2720,0.9896126497919445
2734,0.9598726670733553
2052,0.7671508115291666
550,0.03230606270375445
236,0.8733779316770052
2907,3.789252973238157e-05
222,0.9977120849018558
2913,0.9985151634080343
544,0.9958112243153543
2085,0.0015864038111375964
2091,0.9973541004927935
578,0.032890219182955316
1598,0.9698085296662681
1017,0.9990186710588347
949,0.9745159085962232
2278,0.9972097986944259
791,0.006794357870199314
1771,0.9530343771026185
1765,0.9984731684632588
785,0.8382366673859922
1003,0.024509968238781803
2522,0.0006328501302700466
1995,0.9995531243440912
975,0.04333713919808937
2244,0.8532831212739757
961,0.0025999776963542345
2250,0.0004332275734470495
1981,0.7085085506096405
1759,0.9563086074549778
2536,0.9996493795785373
752,0.07928911402155084
746,0.9986161584535111
2287,0.9971761882939509
1956,0.9914752864398931
1942,0.9994833019726037
2293,0.9976717690550213
1163,0.9897573676606635
183,0.9964546353072536
1605,0.9976556272759727
1611,0.9353733702763746
2318,0.8788466144139168
829,0.2142984322769606
197,0.992333934326797
1177,0.9926668914314014
2456,0.9998825380450389
1639,0.075148476995755
2330,0.3463326290700912
801,0.9583451640025207
2324,0.7009522544113655
815,0.9889253332611094
2442,0.05425446028857479
140,0.01454424323134583
626,0.9621631483264281
632,0.9999914344770792
154,0.0029879284666127675
2495,0.9954481012998514
1822,0.04729213525556002
1836,0.9721599429056574
168,0.0014194607171785245
2481,0.9956967402259561
1188,0.2267628642955429
1407,0.9987540054052406
381,0.29652601755837865
2668,6.542182091162818e-05
1361,0.9993510014435516
1375,0.011694170607311597
395,0.9998189986433985
1413,0.9993157301283283
47,0.9998229570211794
2132,0.01564963548004875
2654,0.7500266609296256
2898,0.9582028835783625
2640,0.0047023945661231826
1349,0.9949774797861659
53,0.9959419280185386
2126,0.9607418160968573
424,0.0007733361449157061
2873,0.9992399257290359
342,0.9963381369422946
2867,0.9595774508274554
356,0.0017839119507490856
430,0.9942556991608388
418,0.9982632272136638
84,0.9825264861061154
2697,0.9911063016899444
2683,0.9880194141895438
90,0.8808774128106913
2695,0.9997854432766129
86,0.9984200794680713
92,0.998357374715404
368,0.9999685053156526
2859,0.14954595006680615
2681,0.9980201174604503
1388,0.9785109214700249
340,0.9854085973829179
2871,0.03307612729308244
426,0.998771395622132
432,0.9389927317424377
354,0.013797145493230318
2865,0.9998604360323181
2656,0.5326788775338462
1439,0.005624453129378015
2130,0.9228592820739541
45,0.9952311165731846
2124,0.00032874063052044326
51,0.9980459308671987
2642,0.0020118537484527968
1363,0.0026581169355691216
383,0.9945245839561585
79,0.036753759059397255
1405,0.9875990003106259
1411,0.8232144785039821
2118,0.983601830589558
397,0.9968997548239644
1377,0.9663494069386059
1820,0.0005983396411259184
618,0.9995843600927866
2497,0.9953807829379887
2483,0.9431006613613737
1834,0.11289923258439179
624,0.9860862701763378
142,0.0863688917267353
156,0.9957563344023056
1808,0.9615272200811591
630,0.1605015476119256
803,0.34549267493780617
2332,0.9978738908851673
2454,0.9889110553879877
2440,0.00011292417244550576
1149,0.0028097102499420154
817,0.9998359232063674
2326,0.9991882427937767
1607,0.9967854756558818
181,0.1932220533437817
2468,0.8171002299378148
1161,0.02765015999818359
1175,0.9997388373041435
195,0.9648823580878781
1613,0.003005453919847135
1954,0.48617258910433037
2285,0.001054338599804867
2291,0.8845359156014689
778,0.5343198582835318
1940,0.9094705816479947
1798,0.9981132873565622
988,0.0005992383684157756
750,0.9937828938976816
1968,0.9982085745947415
744,0.9996645463939234
2246,0.9999079835708692
977,0.9983987680997798
1997,0.9728105325189785
1029,0.4171660481273001
2520,0.9977162466800715
2534,0.9831790529725156
1983,0.9964262512554363
2252,0.14475512503047974
963,0.9996087197427272
1773,0.919777967563642
793,0.003192742768198658
1015,0.9971780273330803
1001,0.0020672024777926633
2508,0.7826854929553558
787,0.9999231039358545
1767,0.6566967972249957
2939,0.9671310332198096
208,0.022087097165174464
2087,0.9983574889707786
2093,0.9997592779888382
2905,0.04175382812821248
234,0.9983810519923277
552,0.9876712628118712
546,0.7401948616544098
2911,0.9062996956076468
220,0.007887061185606878
2722,0.9790946896934724
2044,0.07205327362803428
2050,0.4504695483950094
1559,0.9990932355582997
2736,0.9939516396696995
1217,0.00044728554458292705
2078,0.0021683996193816424
591,0.03503379944910712
1571,0.9834202047812004
1565,0.9999980204335582
585,0.9907640463486806
1203,0.9941459244038363
584,0.9807113443929222
1564,2.4294778729983344e-05
1202,0.9407371704190928
1216,0.9999536824507521
1570,0.9925705651711452
590,0.9968566152598541
2079,0.9925228308635587
1558,0.004981835935466607
2051,0.09636143172583646
2737,0.9436744070438454
2723,0.24491913851883124
2045,0.0009782126084008566
547,0.9898522293773837
221,0.9986550802341384
2910,0.8789327654219262
235,0.6086221763770221
2904,0.020733437308596343
553,0.04707818893209371
2092,0.9987967960316272
209,0.9993355324772552
2938,0.05550115956682124
2086,0.9999918251583837
2509,0.9966352456458958
1000,0.9937306136017134
1766,0.9866909254737593
786,0.9999895479089528
792,0.9999955878536125
1772,0.9870771823137854
1014,0.9761940217132175
2535,0.9607526870506599
962,0.13312304889272258
2253,0.9985948901836889
1982,0.6436415842516032
1996,0.9987471124503017
976,0.9998692638368338
2247,0.9949354648399569
2521,0.9879513987331618
1028,0.9239181276359755
745,0.9878373794690856
1969,0.9983598704717803
751,0.9938688922074697
989,0.9685225181997102
1799,0.9924988437581037
1941,0.9835369552371815
779,0.9990715646528404
2290,0.9952787812184128
2284,0.9140748183193785
1955,0.9990069158167352
194,0.470883375615242
1174,0.1127600735489042
1612,0.9475741968987412
1606,0.6806736791347145
1160,0.9996576465009435
2469,0.9860322369759567
180,0.13159586295813347
1148,0.1557403822129245
2441,0.9974178526029135
2327,0.9989840563682577
816,0.9998379353326463
2333,0.47226236683264766
802,0.9269909363434007
2455,0.9978237978566075
157,0.9131202570132053
631,0.9966137907956837
1809,0.04115743192546104
625,0.027780423248163898
143,0.9960050953478428
2482,0.5305716939980492
1835,0.9930346541610516
619,0.9647053039503437
1821,0.9995628345990909
2496,0.9990851204837469
2119,0.9998137255380071
1410,0.9926544419378832
1376,0.9999413114467061
396,0.9994412323127113
382,0.9995018186452997
1362,0.9990068976805653
1404,0.9927716686034478
78,0.9999631451121255
50,0.023642546959282588
2125,0.9819235963548044
2643,0.4540536843599792
2657,0.9954038903687273
44,0.0065532109711127886
2131,0.9989175342619789
1438,0.9966998436727476
433,0.7434019341143435
2864,0.9897368266234302
355,0.9873801886280837
2870,0.9992384411022049
341,0.9932727768632208
427,0.9827925924505913
93,0.9949511325959447
1389,0.9960770073836764
2680,0.0002200987987006138
2858,0.9999654414564846
369,0.9888068280912297
2694,0.9769367412975007
87,0.8996812890165297
423,0.08392124997468986
2874,0.9958860284372042
345,0.9983157273525661
2860,0.006656874543989296
351,0.01705890469329142
437,0.3529166255609671
83,0.9812772849498245
1399,0.1274406847876337
2848,0.2702388020072886
379,1.781521694792935e-05
2690,0.9998694953676003
2684,0.9940296132182735
97,0.9944057393637642
2109,0.9799817624096349
1400,0.9983075188375924
1366,0.9954202250913813
386,0.9423132718322706
392,0.9940588542729047
1372,0.0003429619216901845
1414,0.9984906671806527
68,0.9971085338012682
40,0.992806473252412
2135,0.9845009717012452
2653,0.9985745564587599
2647,0.023963431319323776
54,0.9911688760693943
2121,0.014752265105977078
1428,0.997973210933408
147,0.9851873236798891
621,0.9993562721882604
1819,0.6481231815894786
635,0.04924460442460854
153,2.533946802475849e-06
2492,0.9391010939946586
1825,0.05911960027545543
609,0.9846093037990936
1831,0.9877529173443863
2486,0.9940556861723218
184,0.742675400632734
1164,0.040751500788874365
1602,0.03659731245045152
1616,0.9952701157465589
1170,0.0024221429908235425
190,0.9791042953989428
2479,0.2847846469755055
1158,0.00045013292611143863
2451,0.9994276635846383
2337,0.6029312653296465
806,0.0015860011600059953
2323,0.9676842053362951
812,0.9810219002478163
2445,0.8914055288884644
755,0.11031269690834515
1979,0.9959072030293339
999,0.9998023072920506
741,0.8780005655377972
1951,0.9994558510843724
1789,0.9820994489833714
2280,0.8625749832032676
769,0.004444173116910042
2294,0.9676188269787037
1945,0.9995197050252147
2519,0.007370545581897044
1010,0.004720573452412688
1776,0.005623578480537148
796,0.9994025768322636
782,0.9479289968909969
1762,0.9918068425776418
1004,0.9579027320973779
2525,0.9918521838185799
972,0.8790965243320917
2243,0.9977771381326835
1992,0.009979418186180065
1986,0.9971812935399654
966,0.9967778158739751
2257,0.9940185466786227
2531,0.0031269833383081374
1038,0.9993495290780533
557,0.24276137198959966
231,0.9925366607337855
2900,0.002188523977026192
225,0.6846428737890532
2914,0.14670155617896746
543,0.9946579067535517
2082,0.24156626859629288
219,0.9997620169443134
2928,0.00043732685594541674
2096,0.992049434688625
594,0.39624734854559857
1574,0.0013519444265514121
1212,0.9998918093339778
1206,0.17537634026486887
1560,0.21536345647725827
2069,0.026598436253006997
580,2.8229862217690823e-05
1548,0.6574912796399085
2041,0.9947404478886744
2727,0.9921392333300154
2733,0.994301762271254
2055,0.9999877012733218
2732,0.9934892728983037
2054,0.5740933954528775
2040,0.999212647311699
1549,0.2540377254588435
2726,0.9930748102658278
1207,0.9556564301023404
581,0.9996941312654958
2068,0.20734063817814302
1561,0.06259661363599403
1575,0.9856370421353139
595,0.9999115065043686
1213,0.9945997000299057
2929,0.35891206516232405
218,0.9997256475259013
2097,0.9978309648247187
2083,0.9424664283368077
2915,0.9772702505962917
224,2.2867589353126305e-05
542,0.09246225756956727
556,0.972804966037852
2901,0.0008477212248920417
230,0.08878861327449104
2256,0.9193148710429391
967,0.9915864124571506
1987,0.9936941367704362
1039,0.9964389780223574
2530,0.006513748103477579
2524,0.9349584428802755
1993,0.625416903630098
2242,0.9710858141326483
973,0.002667564695401238
1763,0.9914196276997231
783,0.9962378769123177
1005,0.035433436577926955
1011,0.012364944306508804
2518,0.9908501187253134
797,0.9966084951142793
1777,0.17072806252147582
1944,0.013299237889427981
2295,0.9819093076725796
768,0.9887316824676848
2281,9.226772341326046e-05
1788,0.9991908731150417
1950,0.0007733885648338352
740,0.01841192064790225
998,0.9962432615676015
1978,0.7037507427055443
754,0.9979838882517609
813,0.9391938849500067
2322,0.9999337674360674
2444,0.000120823936821959
2450,0.22562807580752858
1159,0.11235966843131022
807,0.9991693979278493
2336,0.7284515332135332
1617,0.9957560157353192
2478,0.9722455708170326
191,0.9992852809486246
1171,0.9993247427184917
1165,0.9095897838591748
185,0.07491704433685249
1603,0.051789270510934106
1830,0.9992813618286629
608,0.979648405699572
2487,0.9988662348656359
2493,0.8930386538670174
1824,0.9588555973304839
634,0.0006135147478087711
152,0.9998110538416494
146,0.9865469336873762
1818,0.10387036394287305
620,0.0004727504419363984
2646,0.9640485567935329
1429,0.8903573939667044
2120,0.017398274618204194
55,0.9523098337305042
2134,0.016622325282235152
41,0.9734903427483428
2652,0.939671849658476
1373,0.990698415681913
393,0.9891222834316276
69,0.9584448403936386
1415,0.000422423666060256
1401,0.9997894777403342
2108,0.009201567059251136
387,0.6851083838904202
1367,0.9801168439584753
2685,0.9137539976357086
96,0.9593745177137171
82,0.9877336309863833
2691,0.002972117593924754
378,0.00029588172835240807
2849,0.9971922950104982
1398,0.9999984175505467
350,0.006198372420677703
2861,0.9819042695189465
436,0.06485383045152984
422,0.9999496214108458
344,0.999812676973227
2875,0.9587072327927026
434,0.9925321371130673
2863,0.999969999289479
352,0.962408875683051
2877,0.00251069896589566
346,0.9325743783172757
420,0.01637588066157576
94,0.021352170474236636
408,0.0006104266080915214
2687,0.01668614776577005
2693,0.003702414734159383
80,0.9997155171965885
1417,0.999452304094001
2678,0.9997821205570959
391,0.00044483218815674034
1371,0.9997631588824605
1365,0.9904801486207286
385,0.9970692712791782
1403,0.9973169158886626
57,0.9638944277590994
2122,0.9688824385485031
2644,0.007206078091810432
2650,0.99231978794293
2888,0.881514593976863
1359,0.9988333329266705
43,0.0014789067091107795
2136,0.9967668301415792
150,0.9940199606556673
636,0.9916146879606001
622,0.9990375306264998
144,0.3597134112337444
2485,0.9805733995374645
1832,0.80011614046562
1826,0.7960602066473613
2491,0.9999316807096894
178,0.9822397281858212
1198,0.9828867456617587
1173,0.09177831613258283
193,0.39162200724324364
1615,0.9986387541391004
1601,0.9993135584574387
2308,0.9896212296734308
839,0.997277323877649
187,0.9929869758834873
1167,0.0005878736121758104
2446,0.9992287729944541
1629,0.9980327396816957
2320,0.9991670876012545
811,0.9990127253002926
2334,0.09118666532380068
805,0.951017952351199
2452,0.700615002193516
742,0.0012233219988936003
756,0.8865990641503458
2297,0.2676814359906644
1946,0.9916854178322765
1952,0.0030747728542933404
2283,0.9989791574623025
1007,5.884260840852798e-05
781,0.9967100236924364
959,0.997228301470501
2268,0.9903624615933431
1761,0.0002824736633100408
1775,0.9971289474520658
795,0.2404561442020654
1013,0.9999948778475798
2532,0.9971911529381726
1985,0.9902958542898223
965,0.9990254645664338
2254,0.9890050203345053
971,0.012061783609230802
2240,0.04184884322990826
1749,0.9952613165310955
1991,0.998960203285875
2526,0.9908171794683367
540,0.9976881127966892
226,0.7794621522753029
2917,0.004638081749891605
232,0.9927173946225617
2903,0.999844897538303
554,0.9995237969105648
2095,0.995376105781802
568,0.998904649397631
2081,0.21538943726663523
1588,0.9989122126491973
1563,0.9723426596947083
583,0.9897609093624598
1205,0.09967238526868956
1211,0.9999121213170932
2718,0.9996299401614062
597,0.15391924133101248
1577,0.008129697109742701
2056,0.9954702470839869
1239,0.979500555376073
2730,0.9997743266293453
2724,0.9934781396659391
2042,0.992225343965786
2725,0.9996749023370036
2043,0.9907484110791488
2057,0.05998220176698453
2731,0.735080750623175
1238,0.0003943269556602738
2719,0.9982101404784254
1210,0.5491912949810889
1576,0.00246928579228254
596,0.9997460300269696
582,0.0007992047247727339
1562,0.24088293328294874
1204,0.0038428043312983794
1589,0.9600850890998647
2080,0.9989540701528528
569,0.00223141222608862
2094,0.9989306163475444
2902,0.9951298120989014
233,0.998319028389821
555,0.9992921893835611
541,0.014415366171835118
2916,0.002170029741106204
227,0.0006970819326900871
1990,0.0022809435141953258
1748,0.9998491285644849
2241,0.9994859175497405
970,0.9679341284634679
2527,0.00046494867684328375
2533,0.9970069852219886
2255,0.03579036820878516
964,0.9989298422748162
1984,0.47424743366067057
794,0.9981498539142214
1774,0.97037510380779
1012,0.9878614947908251
1006,0.0090807320233167
1760,0.9999457478394312
2269,0.9771093478642294
958,0.15092488183244304
780,0.9884590692580402
2282,0.0001922139762958211
1953,0.7657313458997577
1947,0.9936396891547984
2296,0.00023835113166984322
757,0.09035473958293887
743,0.7614160024746962
804,0.9871751547871958
2335,0.9999153108267791
2453,0.9999716241770884
2447,0.04477907682540298
810,0.9822995944389641
2321,0.9998347928003815
1628,0.9994106297416604
838,0.1131718998731106
2309,0.007652806886597805
1600,0.9619242463394396
1166,0.9973966108510339
186,0.9997343316153773
192,0.985039650053654
1172,0.9853911299038213
1614,0.9998918301400834
1827,0.019399842909426517
1199,0.9997559660088642
179,9.137389035788733e-06
2490,0.9995332194932235
2484,0.0012745614359422161
1833,0.0029441391593172397
623,0.9989124072171398
145,0.9872344819296955
151,0.994855836061143
637,0.5772088150357318
1358,0.9981832134091947
2889,0.20832805289838605
2651,0.9994970674169801
2137,0.6360580928490777
42,0.0014333169907097415
2123,0.9998943479407553
56,3.265563017389276e-05
2645,3.636740013328784e-05
384,0.03180266535207059
1364,0.992875871308837
1402,0.9983030439195865
1416,0.13053537653408104
1370,0.4802509152188004
390,0.9843387650419262
2679,0.0026985199406603807
2692,4.534220099223565e-06
81,0.9722479070192064
409,0.7056716106474494
95,0.007164083240532587
2686,0.9981420056561585
347,0.9015879326921035
2876,0.3140062826552361
421,0.002701117586470514
435,0.9821432819615736
353,0.0006750312933933132
2862,0.0223125512962113
2187,0.9937107188987134
308,0.9983859903503298
2839,0.21137284693304065
2193,0.998935182252185
452,0.07573027359991909
334,0.990381858500639
2805,0.9587266031754904
320,0.007845800518038836
2811,0.9958254496441749
446,0.9981462158134733
2144,0.009366717752572118
31,0.06510239250720559
2622,0.9589521752818356
2636,0.9997928002456902
2150,0.9940361094374275
25,0.9923326247222508
1459,0.9927017167500832
491,0.24279956902501398
2178,0.2892018264722849
1471,0.9996353094694499
1317,0.9025528610650628
1303,0.9959310786904265
1465,0.033641738397997153
485,0.028676321211929423
19,0.9989255010976155
1854,0.16085714600190984
2385,0.9996490081656487
678,0.001370398887781527
2391,0.9984490031367994
1698,0.9972393958112589
1840,0.9870946470790768
136,0.006372531638100326
650,0.9987734967960409
888,0.012169224222198186
1868,0.1153758741993151
644,0.9730369881194532
122,0.9990216705186903
1129,0.9953028539616475
2420,0.9950198906566292
877,0.12693537570767585
2346,0.5372139485927487
1897,0.9979512683319485
1883,0.08368800502250043
863,0.9946473299812897
2352,0.0030808159616337555
2434,0.9925013129132424
1115,0.9616026893276187
1673,0.1578323251594626
693,0.9992917903058876
687,0.9939282456940489
1667,0.9980962928058037
1101,0.841040447895895
2408,0.6745847375436279
2597,0.9980261754200438
1920,0.9885207444640323
718,0.9047321940924646
1934,0.26382962896998297
2583,0.9387915296399418
724,0.9964820603996932
1908,0.9619394116918041
730,0.00252138016079528
2554,0.9997889955617841
2232,0.972012116989989
903,0.9926171833388313
2226,2.186586994892628e-05
917,0.9985001850017389
2540,0.9903557437092203
1049,0.9122907213494248
2568,0.28225139713046576
1061,0.9838270250729837
1707,0.9999377142561249
1713,0.9608738457275241
1075,0.0025753818741836984
2795,0.4939510131276263
2781,0.9999972045455955
8,0.9906091105863368
2959,0.9896209464684425
268,0.9835146703615016
1288,0.991703004882598
526,0.9108846664353558
240,0.9819860363027694
254,0.7338292305476718
532,0.9999312888874379
1539,0.9922492343394348
2030,0.0034577322349879183
2756,0.6910458841987147
2742,0.9960267160931094
2024,0.7871331004796015
1505,0.9962809739585152
1263,0.9997185458358308
283,0.003644792582431787
297,0.9960817582155215
1277,0.9999258283000566
1511,0.9923245019508571
2018,0.0255379386755056
1276,0.9127028429953331
296,0.48988228949468526
2019,0.00011301251870406333
1510,0.5159681930540938
1504,0.0004272041577563727
282,0.9999653775309693
1262,0.14451773484037927
2743,0.1660570408268294
2025,0.9924608475856689
2031,0.6673108204493399
1538,0.08878249493413284
2757,0.990253527799851
255,0.9999112606364864
533,0.9951215949384892
527,0.0004584288913740024
241,0.9997522123753196
1289,0.028252242949193283
269,0.005419252188825439
2958,0.9997504395215451
9,0.016991689158632483
2780,0.9996101121288058
2794,0.0026104430115625934
1712,0.03526795421070377
1074,0.0020365353664610454
1060,0.9995756077377578
2569,0.8327445097419863
1706,0.9882686807711364
916,0.9953880538641682
2227,0.9976429340594732
1048,0.9782929168744389
2541,0.9981343225839799
2555,0.9983655542267993
902,0.9998981261250505
2233,0.9881793645974897
731,0.9818169155772267
1909,0.9705497602238177
725,0.9992345761981694
1935,0.0038706019556524764
2582,0.25605381956987694
2596,0.9989804002123772
719,0.8116275906655636
1921,0.9548152066630677
1666,0.9757428020324888
686,0.9969834217236933
2409,0.9623062650601009
1100,0.9652724711054004
1114,0.9480259866542561
692,0.0004885174886004255
1672,0.006171471237749429
2353,0.9947687788042948
862,0.9452391869674948
1882,0.028167070648752457
2435,0.9872434015907245
2421,0.9405809372541253
1128,0.9982690446107606
1896,0.036075179837140654
2347,0.9999778981723951
876,0.9653945564644228
645,0.9999248614890993
123,0.9844303843451181
137,0.006252931388575272
1869,0.26755306358196246
889,0.9936123508067812
651,0.027667479025826856
1841,0.07286629583876372
1699,0.471249542216698
2390,0.9970622853955972
679,0.9200958925348417
2384,0.9897735583090667
1855,0.9969423598419234
1302,0.9445011824680272
18,0.0014594270991249553
484,0.0029130075758354895
1464,0.008488825861159696
1470,0.9858687212325951
2179,0.996199500316805
490,0.999959533377662
1316,0.9977660295365576
2637,0.20237641433552483
1458,0.38788100483949
24,0.9998287233416251
2151,0.9975407059708605
30,0.09806067618775752
2145,0.9998193356669974
2623,0.0687064638649983
2810,0.9887547241893646
321,0.8789121810627758
447,0.9703969120253604
453,0.9964841122184523
2804,0.9461306951268391
335,0.9979355564922443
2192,0.0026244729766500066
2186,0.9999599736943413
2838,0.00019646499675823962
309,0.0007181131525462592
1499,0.9999196165965237
2190,0.001416724477681184
479,0.9999639090578603
2184,0.9371839415776104
445,0.9985933224346846
323,0.9991379836771698
2812,0.996898946973617
337,0.9987467952917666
2806,0.0029367331231457093
451,0.9989973783078139
2153,0.9977975103611276
26,0.9999154228835323
2635,0.6286245851796508
2621,0.0011688873154336824
1328,0.39942513439865024
2147,0.9517393837398144
32,0.07843713238524033
1466,0.9982335128923008
486,0.9997297836963168
2609,0.0009011583088015876
1300,0.969371712755138
1314,0.99512904252187
492,0.9985849365140599
1472,0.9987846397936513
2392,0.9991047700587649
1843,0.6382601924486997
1857,0.003604490309454042
2386,0.7947770501120754
109,0.9999721199902512
121,0.9809740250092915
647,0.897060013381118
653,0.9995732629983636
135,0.9891430485810104
2437,0.031011550425113842
1880,0.003807952985645431
1658,0.998881061630138
860,0.9926262454819831
2351,0.6532850956531318
874,0.9974388300445728
2345,0.9562165834284804
1894,0.8849521745088553
2423,0.9992957036731884
1102,0.9912490819613657
684,0.28770343464446413
1664,0.9995115908961332
1670,0.9973108039287615
848,0.00033436519637868744
2379,0.0008853189204583252
690,0.917894593402991
1116,0.9995249968350765
1089,0.005969602143678576
2580,0.9948705973541083
1937,0.996777100523356
1923,0.9974607633309525
2594,0.9999654749058869
733,0.4265205613664639
727,0.986973635330435
2543,0.9996984209114427
2225,0.9786191371710349
914,0.014096188820265098
2231,0.9997637783157002
900,0.17463300943443413
1738,0.9964191763045624
2557,0.6453831975232391
1076,0.042580513500033855
2219,0.9987623589690152
928,0.9963042804204388
1710,0.01860873486505519
1704,0.2963253185093962
1062,0.012825763297839948
2782,0.12862087315298615
2796,0.9942549732271422
519,0.0056162272010552485
531,0.8631402027067105
257,2.232313749821932e-05
243,0.34599676515061745
525,6.646368661406064e-05
2027,0.9786820090682605
1248,0.9999893362591195
2741,0.9976987304529633
2755,0.06565794793211562
2033,0.9999818186887767
1512,0.9880768838410532
294,0.04247637465494029
1274,0.9967950068157755
1260,0.00706883913570554
280,0.9959396610244646
2769,0.008653285970554713
1506,0.9990242702312084
2768,0.36610785724854533
281,0.019258788301740368
1261,0.005495724595446991
1507,0.9900930630528657
1513,0.9696024018277776
1275,0.9668648109134799
295,0.7841587313587639
2754,0.8519115830529176
2032,4.212232770233787e-05
2026,0.9791976900575408
2740,0.9812648813630668
1249,0.9999754634084403
242,0.9736048449308381
524,0.9975790522010062
530,0.9945518548724837
256,0.9998697388169745
2797,0.997145780804874
518,0.9999584821204623
2783,0.10411806113484534
1705,0.9840897965320934
1063,0.9779921785128923
1077,0.9989786463549397
1711,0.9773684383784055
929,0.9808547246250532
2218,0.0748833683121399
1739,0.2779757047838393
901,0.9885921894990339
2230,0.9293998176561479
2556,0.9877465328869828
2542,0.9992968406182104
915,0.998515673346396
2224,0.9972446344634278
726,0.9916064791635971
732,0.9983730321071043
1922,0.8719309156270029
2595,0.00015884938778261808
2581,0.9994375396509485
1088,0.0078983707799927
1936,0.21506342308323084
691,6.054107825589233e-05
2378,0.9907226074185613
849,0.9890141224322573
1671,0.999762021357083
1117,0.31598652360654383
1103,0.997443373711602
1665,0.00440889444772304
685,0.999087535077031
1895,0.9952590875946848
2344,0.9945893792459952
875,0.9365126122724388
2422,0.9830532076326852
2436,0.9998744492579048
2350,0.9949103795095958
861,0.9994150072596719
1659,0.9981518237990568
1881,0.969354182895319
652,0.9848848365470607
134,0.995872616714812
120,0.0006099344336604239
646,0.9993690312069283
2387,0.0033074805768258447
1856,0.999260796989647
108,0.9920639675331111
1842,0.9996820987369899
2393,0.03881445808648819
1315,0.9999101594644733
1473,0.9991731383196271
493,0.9999481148765265
487,0.9844338420685739
1467,0.9897433365747101
1301,0.008032404221499626
2608,0.0699389997445968
1329,0.0017387717562116496
2620,0.9951227694692492
33,0.22365163563397594
2146,0.3810811338301768
27,0.9843853457320917
2152,0.9998608417479783
2634,0.0004397916865557732
2807,0.03029291932889675
336,0.9980099596574551
450,0.9975097833941173
444,0.002784389467959151
2813,0.902705586264946
322,0.12562729896377628
2185,0.9975696162825922
478,0.986235950343497
2191,0.5419072057531931
1498,0.0024097776663038473
2817,0.8110016581591738
326,0.1883434801934359
440,0.9999333285135255
454,0.0003905625661397722
2803,0.9996119283059617
332,0.9991259130239702
2195,0.9772632830906615
2181,0.9940103318325424
468,2.9061079279689355e-06
1488,0.016506965823922033
1305,0.9978100301933182
1463,0.9984212532812776
483,0.9991542029857481
497,0.6943179417750187
1477,0.8651816646924964
1311,0.9998227575343686
2618,0.000696412278873921
1339,0.10988864559436284
2630,0.9967596080773081
23,0.29886791709236854
2156,0.36321479568014037
37,0.029403332883142747
2142,0.02447310736842686
2624,0.9990461497052111
642,0.9948878715524495
124,0.9974104730605552
130,0.9848858475943736
656,0.9996222580397184
2397,0.011488554901515392
1846,0.9403403505224184
118,0.9936543848511675
1852,0.9999613734692773
2383,0.03792130846813993
2368,0.9964906154367403
859,0.00403388798293682
681,0.0015538748783388283
1661,0.9387902513230951
1107,0.9941964659848199
1113,0.42977636577085676
1675,0.9813537206817798
695,0.027761853266019276
1885,0.8867485304850373
2354,0.9991195030138131
865,0.9791197536197075
2432,0.08244209129113779
2426,0.8713630630216773
2340,0.9887135392358462
871,0.998973894526956
1891,0.18792604691112696
1649,0.9979616210516161
736,0.9779793150457776
722,0.9966665722028015
1932,0.9665755667746762
2585,0.047018710393357435
2591,0.1391161018632611
1098,0.01621655162662748
1926,0.006008139827575914
1715,0.9247980670857043
1073,0.9999718404630876
1067,0.0003660212578701949
1701,0.02195128910847826
939,0.9999113351581086
2208,0.03738154544370649
1729,0.9979887306501899
911,0.05363926763341241
2220,0.0794812683889634
2546,0.996633788427161
2552,0.00031527428518022063
905,0.927830441549464
2234,0.947496873720436
252,0.005374598220212715
534,0.01630780860507206
520,0.9999223183121814
246,0.001565521219306143
2787,0.08978167420571777
508,0.012265563465162175
2793,0.06562171016666304
291,0.9850652315489791
2778,0.0007019565332984622
1271,0.8037509225011782
1517,0.9872622473374145
1503,0.9977236111669656
1265,0.998134052142586
285,0.9982187717821619
2744,0.055808107843142316
2022,0.8794409811627236
2036,0.9307126076999912
2750,0.9988720781875615
1259,0.910512692245333
2037,4.317714315400979e-06
1258,0.8945127734521288
2751,0.5925538290658995
2745,0.9898842360751694
2023,5.612538110158268e-05
1502,0.9480696732584954
284,0.9359905259947248
1264,0.039201385244926404
1270,0.9996115914498536
2779,0.9682927945202712
290,0.006510583438439718
1516,0.9354648990368288
2792,0.999630790568985
2786,0.008154239378870604
509,0.9722679352761181
521,0.9706716590838889
247,0.3557597357576971
253,0.9991800214122195
535,3.7957704909264514e-05
2553,0.05094051028547782
2235,0.042009927057163374
904,0.994983770577692
2221,0.9912172366351143
910,0.9647410915672949
1728,0.9941793721594555
2547,0.8130113834957552
1066,0.9975707914122622
2209,0.9474395697300355
938,0.9601567712756598
1700,0.00093495667949268
1714,0.9876126980592261
1072,0.9647317812820756
1099,0.09642349545158864
2590,0.9964028601861585
1927,0.7010842668314033
1933,0.9998728544427694
2584,0.9673047185498463
723,0.9978724014829077
737,0.008724175470953149
2427,0.9997598194793025
1648,0.9963209536939907
1890,0.9977050769100734
870,0.7912898836635938
2341,0.6443686888742349
864,0.9940804020769564
2355,0.9985874728902984
1884,0.9975195828883766
2433,0.9966112036290891
1112,0.9973252785343135
694,0.43680050093999956
1674,0.0292188445699126
1660,0.0002701005208046541
680,0.9918268009442937
858,0.006524283208739221
2369,0.9778877949005416
1106,0.9872776344972392
2382,0.01498388764754181
1853,0.9944877406588205
1847,0.9896513925083775
2396,0.9999752574816126
119,0.888351971881525
131,0.9799920212242996
657,0.9999603795812918
643,0.7909916962796195
125,0.21083154005443044
2143,0.9897942033187197
36,0.002689782760712683
2625,0.997385200138255
2631,0.0002875830148759415
1338,0.9728278025238725
2157,8.386681252025e-06
22,0.026564905724354014
1476,0.6746772567164159
496,0.009746967263634056
2619,0.9917440888966332
1310,0.981258978691328
1304,0.9562373428856302
482,0.2626019427163998
1462,0.00017276959473297394
1489,0.006566327546644993
469,0.29132934349609896
2180,0.9922065756462637
2194,0.9993279606541421
455,0.9850980717302722
333,0.9991186247046423
2802,0.9960428537310794
327,0.9974358378203597
2816,0.9995425543012344
441,0.9644369533068922
2800,0.07224503990439261
331,0.0016802688414172917
457,0.43044452504846104
443,0.8773494224500664
2814,0.007369407805589987
325,0.9581165988881907
2182,0.12546360436386367
2196,0.3680160579602122
2828,0.9292512890893289
319,0.9940391086638568
1312,0.9997588667228842
494,0.99981924937562
1474,0.9953021575827433
1460,0.5202414193424371
480,0.9998104187807
2169,0.997648521803904
1306,0.9996056621246587
2627,0.16083065171731753
1448,0.001707758186792485
34,0.9995706522860589
2141,0.9951571404537137
20,0.9701500609993283
2155,0.9673504372742693
2633,0.9995354798342714
655,0.9885757720760658
133,0.9996025316011389
127,0.8141079001065303
1879,0.0006461962924267733
641,0.9997720905499531
899,0.0043758428741171775
1689,0.9955478588382679
1851,0.9996697635828096
669,0.9078603652329618
2380,0.9998417248497056
2394,0.9916161477333126
1845,0.9980022005258131
1676,0.9989273225963539
696,0.9999113839269647
2419,0.6142094469422699
1110,0.992852714228133
1104,0.9971457994708219
682,0.9595816936200222
1662,0.9990807325219304
2343,0.0003137823865608549
872,0.022505762226176
1892,0.03526296802737856
2425,0.9967661032898352
2431,0.994533646297971
1138,0.7532279729037258
1886,0.9536391057401096
2357,0.9960430249306796
866,0.00011142719231706146
721,0.9951389323478319
1919,0.9866403454784101
735,0.5945522924088028
1925,0.906426857393331
2592,0.9982345343931807
2586,0.8925845280503811
709,0.9999978583194654
1931,0.9766516674093616
1702,0.62969379295486
1064,0.9443641870954741
1070,0.9919893029754101
2579,0.08158077515224278
1716,0.9919728795539479
906,0.8331025424098746
2237,0.9938924257270715
1058,0.9975449115946485
2551,0.008671191533673092
2545,0.9996571992437051
912,0.890153480777057
2223,0.9996377780258197
245,0.9990912094419009
523,0.9905200190400592
537,0.9999655132791154
251,0.9988608474304288
1299,0.9918227655530872
2790,0.9389145364403717
279,0.2133736910674854
2948,0.9144950044212145
2784,8.290010643456268e-05
1266,0.8637211321534849
286,0.9960096645638037
2009,0.006450143496752429
1500,0.012302327743802455
1514,0.0004997899359861881
292,0.997841191593676
1272,0.0007653107280814044
2753,0.9849039810755983
2035,0.9999677331524465
2021,0.04545264590878968
1528,0.004258439351805648
2747,0.9478400138384343
1529,0.998760188412995
2020,0.8999714090257415
2746,0.999567288929255
2752,0.9706984741070016
2034,0.1674382349129955
1515,0.9857303840001089
1273,0.9820852424893282
293,0.9849112260999842
287,0.9999501341324211
1267,0.13122329779218214
1501,0.9886647010490031
2008,0.9475410322342361
2785,0.9402403738546816
2949,0.9590418738279931
278,0.9813356479625603
2791,0.9995756266227434
1298,0.7896967327899119
536,0.9907831753858396
250,0.8307413534631538
244,0.007913278614406145
522,0.9996959360790763
2544,0.008870493819319808
2222,0.9609249030104564
913,0.9283531123430144
2236,0.9447733494786877
907,0.9938451039267624
2550,0.9967206533650355
1059,0.9977553567937228
2578,0.9998664933562221
1071,0.9927047836150393
1717,0.3135227425572257
1703,0.8615825595949536
1065,0.9958198074757323
2587,0.0030211581478439007
1930,0.9805755400551138
708,0.9925209671453299
1924,0.007928827522564129
2593,0.9683164290675907
734,0.03590354567393376
1918,0.897606540714827
720,0.9827608756466913
1139,0.1140382060045124
2430,0.9985571960567668
867,0.9994909471840195
2356,0.9999523776688207
1887,0.9983145297165263
1893,0.0018493541280012818
873,0.9969504255261393
2342,0.9636882687501901
2424,0.047623892558866385
1105,0.9987142671228366
1663,0.9999930220729031
683,0.025207924710170426
697,0.018548212955915935
1677,0.9932550879643504
1111,0.9999098636595203
2418,0.00044820894526152716
1844,0.4402121564102254
2395,0.9971560985657877
2381,0.00215415237127456
668,0.992475652018147
1850,0.9999407191749311
1688,0.9972297914300083
126,0.9925620523726352
898,0.8435866374980338
640,0.5327252144684668
1878,0.978831704531974
654,0.8906338307164778
132,0.010062815568008107
2154,0.9953343482446539
21,0.5800216261860152
2632,0.9980936839614165
2626,0.9999430605465693
2140,0.02307280429198285
35,0.9977517976303807
1449,0.999798678364438
2168,0.9995624520913642
481,0.9980677515486013
1461,0.023676637293673242
1307,0.9949408484509886
1313,0.0003010073718335873
1475,0.9944990175277093
495,0.0003566790777784205
2197,0.9998293176044417
318,0.7730513153092271
2829,0.004147474869359624
2183,0.8229413470049012
442,0.3084971678105076
324,0.9698483741732702
2815,0.0016372721371424933
330,0.9982045742145969
2801,0.0007746186274299198
456,0.00042657743934849555
